﻿<?xml version="1.0" encoding="utf-8"?><OPERATIONTYPES><OPERATIONTYPE ID="0" NAME="Не определено" ISACTIVE="true" UPDATEDATE="1900-01-01" STARTDATE="1900-01-01" ENDDATE="2079-06-06" /><OPERATIONTYPE ID="1" NAME="Инициация" ISACTIVE="true" UPDATEDATE="1900-01-01" STARTDATE="1900-01-01" ENDDATE="2079-06-06" /><OPERATIONTYPE ID="10" NAME="Добавление" ISACTIVE="true" UPDATEDATE="1900-01-01" STARTDATE="1900-01-01" ENDDATE="2079-06-06" /><OPERATIONTYPE ID="20" NAME="Редактирование" ISACTIVE="true" UPDATEDATE="1900-01-01" STARTDATE="1900-01-01" ENDDATE="2079-06-06" /><OPERATIONTYPE ID="21" NAME="Групповое изменение" SHORTNAME="Групповое изменение" ISACTIVE="true" UPDATEDATE="1900-01-01" STARTDATE="1900-01-01" ENDDATE="2079-06-06" /><OPERATIONTYPE ID="23" NAME="Редактирование протяжённых объектов" SHORTNAME="Редактирование протяжённых объектов" ISACTIVE="true" UPDATEDATE="1900-01-01" STARTDATE="1900-01-01" ENDDATE="2079-06-06" /><OPERATIONTYPE ID="24" NAME="Групповое редактирование объектов" SHORTNAME="Групповое редактирование объектов" ISACTIVE="true" UPDATEDATE="1900-01-01" STARTDATE="1900-01-01" ENDDATE="2079-06-06" /><OPERATIONTYPE ID="25" NAME="Размещение сведений о почтовых индексах на основании информации АО &quot;Почта России&quot;" SHORTNAME="Размещение сведений о почтовых индексах на основании информации АО &quot;Почта России&quot;" ISACTIVE="true" UPDATEDATE="1900-01-01" STARTDATE="1900-01-01" ENDDATE="2079-06-06" /><OPERATIONTYPE ID="26" NAME="Обновление справочника ОКТМО" SHORTNAME="Обновление справочника ОКТМО" ISACTIVE="true" UPDATEDATE="1900-01-01" STARTDATE="1900-01-01" ENDDATE="2079-06-06" /><OPERATIONTYPE ID="27" NAME="Обновление справочника ОКАТО" SHORTNAME="Обновление справочника ОКАТО" ISACTIVE="true" UPDATEDATE="1900-01-01" STARTDATE="1900-01-01" ENDDATE="2079-06-06" /><OPERATIONTYPE ID="28" NAME="Обновление справочника СОУН" SHORTNAME="Обновление справочника СОУН" ISACTIVE="true" UPDATEDATE="1900-01-01" STARTDATE="1900-01-01" ENDDATE="2079-06-06" /><OPERATIONTYPE ID="29" NAME="Нормализация адресных параметров" ISACTIVE="true" UPDATEDATE="1900-01-01" STARTDATE="1900-01-01" ENDDATE="2079-06-06" /><OPERATIONTYPE ID="30" NAME="Удаление" ISACTIVE="true" UPDATEDATE="1900-01-01" STARTDATE="1900-01-01" ENDDATE="2079-06-06" /><OPERATIONTYPE ID="31" NAME="Удаление вследствие удаления вышестоящего объекта" ISACTIVE="true" UPDATEDATE="1900-01-01" STARTDATE="1900-01-01" ENDDATE="2079-06-06" /><OPERATIONTYPE ID="32" NAME="Размещение сведений о кадастровых номерах на основании информации Росреестра" SHORTNAME="Размещение сведений о кадастровых номерах на основании информации Росреестра" ISACTIVE="true" UPDATEDATE="1900-01-01" STARTDATE="1900-01-01" ENDDATE="2079-06-06" /><OPERATIONTYPE ID="33" NAME="Размещение сведений о кадастровых номерах на основании информации уполномоченных органов" ISACTIVE="true" UPDATEDATE="1900-01-01" STARTDATE="1900-01-01" ENDDATE="2079-06-06" /><OPERATIONTYPE ID="40" NAME="Объединение" ISACTIVE="true" UPDATEDATE="1900-01-01" STARTDATE="1900-01-01" ENDDATE="2079-06-06" /><OPERATIONTYPE ID="41" NAME="Переподчинение вследствие объединения вышестоящего объекта" ISACTIVE="true" UPDATEDATE="1900-01-01" STARTDATE="1900-01-01" ENDDATE="2079-06-06" /><OPERATIONTYPE ID="42" NAME="Прекращение существования вследствие объединения" ISACTIVE="true" UPDATEDATE="1900-01-01" STARTDATE="1900-01-01" ENDDATE="2079-06-06" /><OPERATIONTYPE ID="43" NAME="Создание нового адресного объекта в результате объединения" ISACTIVE="true" UPDATEDATE="1900-01-01" STARTDATE="1900-01-01" ENDDATE="2079-06-06" /><OPERATIONTYPE ID="44" NAME="Образование нового объекта в результате объединения машино-мест и помещений" SHORTNAME="Образование нового объекта в результате объединения машино-мест и помещений" ISACTIVE="true" UPDATEDATE="1900-01-01" STARTDATE="1900-01-01" ENDDATE="2079-06-06" /><OPERATIONTYPE ID="45" NAME="Прекращение существования вследствие образования нового помещения" SHORTNAME="Прекращение существования вследствие образования нового помещения" ISACTIVE="true" UPDATEDATE="1900-01-01" STARTDATE="1900-01-01" ENDDATE="2079-06-06" /><OPERATIONTYPE ID="46" NAME="Прекращение существования вследствие образования нового машино-места" SHORTNAME="Прекращение существования вследствие образования нового машино-места" ISACTIVE="true" UPDATEDATE="1900-01-01" STARTDATE="1900-01-01" ENDDATE="2079-06-06" /><OPERATIONTYPE ID="47" NAME="Переподчинение в результате объединения машино-мест и помещений" SHORTNAME="Переподчинение в результате объединения машино-мест и помещений" ISACTIVE="true" UPDATEDATE="1900-01-01" STARTDATE="1900-01-01" ENDDATE="2079-06-06" /><OPERATIONTYPE ID="50" NAME="Переподчинение" ISACTIVE="true" UPDATEDATE="1900-01-01" STARTDATE="1900-01-01" ENDDATE="2079-06-06" /><OPERATIONTYPE ID="51" NAME="Переподчинение вследствие переподчинения вышестоящего" ISACTIVE="true" UPDATEDATE="1900-01-01" STARTDATE="1900-01-01" ENDDATE="2079-06-06" /><OPERATIONTYPE ID="52" NAME="Прекращение существования вследствие переподчинения" ISACTIVE="true" UPDATEDATE="1900-01-01" STARTDATE="1900-01-01" ENDDATE="2079-06-06" /><OPERATIONTYPE ID="53" NAME="Переподчинение вследствие изм.состава род.объектов" ISACTIVE="true" UPDATEDATE="1900-01-01" STARTDATE="1900-01-01" ENDDATE="2079-06-06" /><OPERATIONTYPE ID="60" NAME="Прекращение существования вследствие разделения" ISACTIVE="true" UPDATEDATE="1900-01-01" STARTDATE="1900-01-01" ENDDATE="2079-06-06" /><OPERATIONTYPE ID="61" NAME="Создание нового адресного объекта в результате разделения" ISACTIVE="true" UPDATEDATE="1900-01-01" STARTDATE="1900-01-01" ENDDATE="2079-06-06" /><OPERATIONTYPE ID="70" NAME="Восстановление прекратившего существование объекта" ISACTIVE="true" UPDATEDATE="1900-01-01" STARTDATE="1900-01-01" ENDDATE="2079-06-06" /><OPERATIONTYPE ID="71" NAME="Внесение признака корректности объекта" SHORTNAME="Внесение признака корректности объекта" ISACTIVE="true" UPDATEDATE="1900-01-01" STARTDATE="1900-01-01" ENDDATE="2079-06-06" /></OPERATIONTYPES>