﻿<?xml version="1.0" encoding="utf-8"?>
<APARTMENTTYPES>
    <APARTMENTTYPE ID="1" NAME="Помещение" SHORTNAME="помещ." DESC="Помещение" ISACTIVE="true"
        STARTDATE="1900-01-01" ENDDATE="2079-06-06" UPDATEDATE="1900-01-01" />
    <APARTMENTTYPE ID="2" NAME="Квартира" SHORTNAME="кв." DESC="Квартира" ISACTIVE="true"
        STARTDATE="1900-01-01" ENDDATE="2079-06-06" UPDATEDATE="1900-01-01" />
    <APARTMENTTYPE ID="3" NAME="Офис" SHORTNAME="офис" DESC="Офис" ISACTIVE="true"
        STARTDATE="1900-01-01" ENDDATE="2079-06-06" UPDATEDATE="1900-01-01" />
    <APARTMENTTYPE ID="4" NAME="Комната" SHORTNAME="ком." DESC="Комната" ISACTIVE="true"
        STARTDATE="1900-01-01" ENDDATE="2079-06-06" UPDATEDATE="1900-01-01" />
    <APARTMENTTYPE ID="5" NAME="Рабочий участок" SHORTNAME="раб.уч." DESC="Рабочий участок"
        ISACTIVE="true" STARTDATE="1900-01-01" ENDDATE="2079-06-06" UPDATEDATE="1900-01-01" />
    <APARTMENTTYPE ID="6" NAME="Склад" SHORTNAME="скл." DESC="Склад" ISACTIVE="true"
        STARTDATE="1900-01-01" ENDDATE="2079-06-06" UPDATEDATE="1900-01-01" />
    <APARTMENTTYPE ID="7" NAME="Торговый зал" SHORTNAME="торг. зал" DESC="Торговый зал"
        ISACTIVE="true" STARTDATE="1900-01-01" ENDDATE="2079-06-06" UPDATEDATE="1900-01-01" />
    <APARTMENTTYPE ID="8" NAME="Цех" SHORTNAME="цех" DESC="Цех" ISACTIVE="true"
        STARTDATE="1900-01-01" ENDDATE="2079-06-06" UPDATEDATE="1900-01-01" />
    <APARTMENTTYPE ID="9" NAME="Павильон" SHORTNAME="пав." DESC="Павильон" ISACTIVE="true"
        STARTDATE="1900-01-01" ENDDATE="2079-06-06" UPDATEDATE="1900-01-01" />
    <APARTMENTTYPE ID="10" NAME="Подвал" SHORTNAME="подв." DESC="Подвал" ISACTIVE="false"
        STARTDATE="1900-01-01" ENDDATE="2015-11-05" UPDATEDATE="1900-01-01" />
    <APARTMENTTYPE ID="11" NAME="Котельная" SHORTNAME="кот." DESC="Котельная" ISACTIVE="false"
        STARTDATE="1900-01-01" ENDDATE="2015-11-05" UPDATEDATE="1900-01-01" />
    <APARTMENTTYPE ID="12" NAME="Погреб" SHORTNAME="п-б" DESC="Погреб" ISACTIVE="false"
        STARTDATE="1900-01-01" ENDDATE="2015-11-05" UPDATEDATE="1900-01-01" />
    <APARTMENTTYPE ID="13" NAME="Гараж" SHORTNAME="г-ж" DESC="Гараж" ISACTIVE="true"
        STARTDATE="1900-01-01" ENDDATE="2079-06-06" UPDATEDATE="1900-01-01" />
</APARTMENTTYPES>