{
  "Rows": {
    "kladr_code": {
      "ColumnOrdinal": 0,
      "ColumnSize": -1,
      "NumericPrecision": 0,
      "NumericScale": 0,
      "DataTypeName": "text"
    },
    "kladr_sub_code": {
      "ColumnOrdinal": 1,
      "ColumnSize": -1,
      "NumericPrecision": 0,
      "NumericScale": 0,
      "DataTypeName": "text"
    },
    "area_code": {
      "ColumnOrdinal": 2,
      "ColumnSize": -1,
      "NumericPrecision": 0,
      "NumericScale": 0,
      "DataTypeName": "text"
    },
    "district_code": {
      "ColumnOrdinal": 3,
      "ColumnSize": -1,
      "NumericPrecision": 0,
      "NumericScale": 0,
      "DataTypeName": "text"
    },
    "city_code": {
      "ColumnOrdinal": 4,
      "ColumnSize": -1,
      "NumericPrecision": 0,
      "NumericScale": 0,
      "DataTypeName": "text"
    },
    "town_code": {
      "ColumnOrdinal": 5,
      "ColumnSize": -1,
      "NumericPrecision": 0,
      "NumericScale": 0,
      "DataTypeName": "text"
    },
    "kladr_level": {
      "ColumnOrdinal": 6,
      "ColumnSize": -1,
      "NumericPrecision": 0,
      "NumericScale": 0,
      "DataTypeName": "integer"
    },
    "actuality_status": {
      "ColumnOrdinal": 7,
      "ColumnSize": -1,
      "NumericPrecision": 0,
      "NumericScale": 0,
      "DataTypeName": "text"
    },
    "kladr_name": {
      "ColumnOrdinal": 8,
      "ColumnSize": -1,
      "NumericPrecision": 0,
      "NumericScale": 0,
      "DataTypeName": "text"
    },
    "kladr_socr": {
      "ColumnOrdinal": 9,
      "ColumnSize": -1,
      "NumericPrecision": 0,
      "NumericScale": 0,
      "DataTypeName": "text"
    },
    "kladr_index": {
      "ColumnOrdinal": 10,
      "ColumnSize": -1,
      "NumericPrecision": 0,
      "NumericScale": 0,
      "DataTypeName": "text"
    },
    "kladr_gninmb": {
      "ColumnOrdinal": 11,
      "ColumnSize": -1,
      "NumericPrecision": 0,
      "NumericScale": 0,
      "DataTypeName": "text"
    },
    "kladr_uno": {
      "ColumnOrdinal": 12,
      "ColumnSize": -1,
      "NumericPrecision": 0,
      "NumericScale": 0,
      "DataTypeName": "text"
    },
    "kladr_ocatd": {
      "ColumnOrdinal": 13,
      "ColumnSize": -1,
      "NumericPrecision": 0,
      "NumericScale": 0,
      "DataTypeName": "text"
    },
    "kladr_status": {
      "ColumnOrdinal": 14,
      "ColumnSize": -1,
      "NumericPrecision": 0,
      "NumericScale": 0,
      "DataTypeName": "text"
    }
  }
}