{
  "ModelName": "Kladr1",
  "SourceName": "kladrRaw",
  "TargetName": "kladrWork",
  "SourceSchema": "kladr",
  "TargetTableName": "kladr_1",
  "TargetSchemaName": "kladr",
  "SourceKeyFilelds": [
    "kladr_code"
  ],
  "SourceSql": "    SELECT\n    code AS kladr_code,\n    LEFT(code, 11) AS kladr_sub_code,\n    LEFT(code, 2) AS area_code,\n    SUBSTRING(code, 3, 3) AS district_code,\n    SUBSTRING(code, 6, 3) AS city_code,\n    SUBSTRING(code, 9, 3) AS town_code,\n    CASE\n        WHEN SUBSTRING(code, 9, 3) <> '000' THEN 4\n        ELSE CASE\n                WHEN SUBSTRING(code, 6, 3) <> '000' THEN 3\n                ELSE CASE\n                        WHEN SUBSTRING(code, 3, 3) <> '000' THEN 2\n                        ELSE 1\n                    END\n             END\n    END AS kladr_level,\n    RIGHT(code, 2) AS actuality_status,\n    name AS kladr_name,\n    socr AS kladr_socr,\n    index AS kladr_index,\n    gninmb AS kladr_gninmb,\n    uno AS kladr_uno,\n    ocatd AS kladr_ocatd,\n    status AS kladr_status\nFROM kladr.kladr\nWHERE (RIGHT(code, 2) = '00');",
  "SerializedJsonFileName": "/home/pnesterov/my_dev/dotNet/etl/console/models/Kladr1.json",
  "SerializedYamlFileName": "/home/pnesterov/my_dev/dotNet/etl/console/models/Kladr1.yaml",
  "SerializedXmlFileName": "/home/pnesterov/my_dev/dotNet/etl/console/models/Kladr1.xml",
  "TargetTableFullName": "kladr.kladr_1"
}