{
  "ModelName": "Street1",
  "SourceName": "kladrRaw",
  "TargetName": "kladrWork",
  "SourceSchema": "kladr",
  "TargetTableName": "street_1",
  "TargetSchemaName": "kladr",
  "SourceKeyFilelds": [
    "kladr_code"
  ],
  "SourceSql": "    SELECT code AS kladr_code,\n        LEFT(code, 11) AS kladr_subcode,\n        LEFT(code, 2) AS area_code,\n        SUBSTRING(code, 3, 3) AS district_code,\n        SUBSTRING(code, 6, 3) AS city_code,\n        SUBSTRING(code, 9, 3) AS town_code,\n        SUBSTRING(code, 12, 4) AS street_code,\n        RIGHT(code, 2) AS actuality_status,\n        5 AS kladr_level,\n        name AS kladr_name,\n        socr AS kladr_socr,\n        index AS kladr_index,\n        gninmb AS kladr_gninmd,\n        uno AS kladr_uno,\n        ocatd AS kladr_okatd\n    FROM kladr.street\n    WHERE (RIGHT(code, 2) = '00');",
  "SerializedJsonFileName": "/home/pnesterov/my_dev/dotNet/etl/console/models/Street1.json",
  "SerializedYamlFileName": "/home/pnesterov/my_dev/dotNet/etl/console/models/Street1.yaml",
  "SerializedXmlFileName": "/home/pnesterov/my_dev/dotNet/etl/console/models/Street1.xml",
  "TargetTableFullName": "kladr.street_1"
}