{
  "ModelName": "Doma1",
  "SourceDbName": "kladrRaw",
  "TargetDbName": "kladrWork",
  "TargetTableName": "doma_1",
  "TargetSchemaName": "analyt",
  "SourceKeyFilelds": [
    "kladr_code"
  ],
  "SourceSql": "    SELECT code AS kladr_code,\n        LEFT(code, 11) AS kladr_subcode,\n        LEFT(code, 2 ) AS area_codee,\n        SUBSTRING(code,  3, 3) AS district_code,\n        SUBSTRING(code,  6, 3) AS city_code,\n        SUBSTRING(code,  9, 3) AS town_code,\n        SUBSTRING(code, 12, 4) AS street_code,\n        SUBSTRING(code, 16, 4) AS bld_code,\n        6 AS kladr_level, \n        name AS kladr_name,\n        socr AS kladr_socr,\n        index AS kladr_index,\n        gninmb AS kladr_gninmb,\n        uno AS kladr_uno,\n        ocatd AS kladr_ocatd\n    FROM kladr.doma",
  "TargetTableFullName": "analyt.doma_1"
}